{"Count":5,"FilesInfo":[{"FileName":"C:\\Users\\Li\\Desktop\\charts\\ikanaide/.autosave/autosave.2023-8-3_15-24-30.txt","SavedTime":1691076270,"RawPath":"C:\\Users\\Li\\Desktop\\charts\\ikanaide"},{"FileName":"C:\\Users\\Li\\Desktop\\charts\\ikanaide/.autosave/autosave.2023-8-3_15-25-30.txt","SavedTime":1691076330,"RawPath":"C:\\Users\\Li\\Desktop\\charts\\ikanaide"},{"FileName":"C:\\Users\\Li\\Desktop\\charts\\ikanaide/.autosave/autosave.2023-8-3_15-26-30.txt","SavedTime":1691076390,"RawPath":"C:\\Users\\Li\\Desktop\\charts\\ikanaide"},{"FileName":"C:\\Users\\Li\\Desktop\\charts\\ikanaide/.autosave/autosave.2023-8-3_15-27-30.txt","SavedTime":1691076450,"RawPath":"C:\\Users\\Li\\Desktop\\charts\\ikanaide"},{"FileName":"C:\\Users\\Li\\Desktop\\charts\\ikanaide/.autosave/autosave.2023-8-3_15-28-30.txt","SavedTime":1691076510,"RawPath":"C:\\Users\\Li\\Desktop\\charts\\ikanaide"}]}