{"Count":5,"FilesInfo":[{"FileName":"C:\\Users\\Li\\Desktop\\charts\\End Time/.autosave/autosave.2023-10-26_20-20-59.txt","SavedTime":1698351659,"RawPath":"C:\\Users\\Li\\Desktop\\charts\\End Time"},{"FileName":"C:\\Users\\Li\\Desktop\\charts\\End Time/.autosave/autosave.2023-10-26_20-21-59.txt","SavedTime":1698351719,"RawPath":"C:\\Users\\Li\\Desktop\\charts\\End Time"},{"FileName":"C:\\Users\\Li\\Desktop\\charts\\End Time/.autosave/autosave.2023-10-26_20-24-59.txt","SavedTime":1698351899,"RawPath":"C:\\Users\\Li\\Desktop\\charts\\End Time"},{"FileName":"C:\\Users\\Li\\Desktop\\charts\\End Time/.autosave/autosave.2023-10-26_20-31-14.txt","SavedTime":1698352274,"RawPath":"C:\\Users\\Li\\Desktop\\charts\\End Time"},{"FileName":"C:\\Users\\Li\\Desktop\\charts\\End Time/.autosave/autosave.2023-10-26_20-40-52.txt","SavedTime":1698352852,"RawPath":"C:\\Users\\Li\\Desktop\\charts\\End Time"}]}