{"Count":5,"FilesInfo":[{"FileName":"C:\\Users\\Li\\Desktop\\charts\\天つ風/.autosave/autosave.2023-9-15_18-6-0.txt","SavedTime":1694801160,"RawPath":"C:\\Users\\Li\\Desktop\\charts\\天つ風"},{"FileName":"C:\\Users\\Li\\Desktop\\charts\\天つ風/.autosave/autosave.2023-9-15_18-7-0.txt","SavedTime":1694801220,"RawPath":"C:\\Users\\Li\\Desktop\\charts\\天つ風"},{"FileName":"C:\\Users\\Li\\Desktop\\charts\\天つ風/.autosave/autosave.2023-9-15_19-58-0.txt","SavedTime":1694807880,"RawPath":"C:\\Users\\Li\\Desktop\\charts\\天つ風"},{"FileName":"C:\\Users\\Li\\Desktop\\charts\\天つ風/.autosave/autosave.2023-9-15_19-59-0.txt","SavedTime":1694807940,"RawPath":"C:\\Users\\Li\\Desktop\\charts\\天つ風"},{"FileName":"C:\\Users\\Li\\Desktop\\charts\\天つ風/.autosave/autosave.2023-9-15_20-2-47.txt","SavedTime":1694808167,"RawPath":"C:\\Users\\Li\\Desktop\\charts\\天つ風"}]}